Bedrooms,Type,Price
5,detached house,4250000
5,semi-detached house,4000000
3,flat,3250000
4,end of terrace house,2850000
4,flat,1950000
6,terraced house,1850000
5,detached house,1850000
6,detached house,1840000
3,town house,1750000
6,detached house,1750000
5,semi-detached house,1750000
2,apartment,1750000
5,detached house,1695000
4,end of terrace house,1695000
3,end of terrace house,1695000
6,detached house,1695000
4,terraced house,1650000
4,terraced house,1650000
4,country house,1650000
6,detached house,1600000
7,detached house,1600000
4,terraced house,1595000
3,terraced house,1500000
5,town house,1500000
5,detached house,1500000
3,apartment,1500000
5,flat,1500000
5,character property,1500000
4,semi-detached house,1500000
4,semi-detached house,1465000
5,terraced house,1400000
5,country house,1395000
6,detached house,1350000
2,duplex,1350000
2,ground floor flat,1325000
4,end of terrace house,1325000
4,semi-detached house,1300000
4,terraced house,1300000
2,apartment,1299950
5,semi-detached house,1295000
3,apartment,1250000
5,detached house,1250000
4,town house,1250000
4,terraced house,1250000
4,semi-detached house,1250000
3,apartment,1250000
4,terraced house,1250000
4,terraced house,1250000
3,semi-detached house,1250000
5,semi-detached house,1225000
4,detached house,1200000
5,terraced house,1200000
4,terraced house,1200000
6,terraced house,1200000
5,detached house,1200000
3,terraced house,1195000
3,end of terrace house,1190000
4,semi-detached house,1175000
4,end of terrace house,1150000
3,semi-detached house,1150000
4,town house,1150000
4,terraced house,1150000
4,semi-detached house,1150000
5,country house,1150000
5,end of terrace house,1150000
4,detached house,1150000
5,detached house,1100000
3,flat,1100000
4,detached house,1100000
4,semi-detached house,1100000
4,terraced house,1100000
3,flat,1100000
4,terraced house,1100000
3,maisonette,1100000
4,terraced house,1100000
3,apartment,1100000
2,flat,1095000
4,mews house,1095000
5,detached house,1095000
3,maisonette,1078000
4,terraced house,1075000
2,apartment,1055000
2,flat,1050000
4,detached house,1050000
5,detached house,1050000
4,terraced house,1050000
3,terraced house,1050000
3,detached house,1025000
5,detached house,1000000
3,detached house,1000000
4,terraced house,1000000
3,flat,1000000
3,semi-detached house,1000000
4,detached house,1000000
2,end of terrace house,1000000
5,end of terrace house,1000000
4,town house,1000000
5,semi-detached house,1000000
3,end of terrace house,1000000
4,terraced house,1000000
2,ground floor flat,995000
5,terraced house,980000
4,apartment,980000
6,semi-detached house,975000
4,semi-detached house,975000
3,flat,975000
6,detached house,970000
4,terraced house,965000
4,terraced house,960000
5,detached house,950000
5,detached house,950000
3,town house,950000
4,detached house,950000
4,semi-detached house,950000
5,detached house,950000
5,detached house,950000
4,detached house,950000
5,terraced house,950000
5,detached house,950000
4,terraced house,947500
2,detached house,925000
2,flat,925000
2,ground floor maisonette,925000
2,apartment,925000
4,detached house,925000
3,terraced house,925000
3,detached house,915000
2,ground floor flat,900000
5,end of terrace house,900000
3,semi-detached house,900000
2,apartment,900000
5,detached house,900000
4,detached house,900000
2,detached house,900000
2,apartment,900000
4,detached house,900000
5,detached house,900000
5,semi-detached house,900000
3,terraced house,900000
4,detached house,900000
4,detached house,900000
5,detached house,900000
2,ground floor flat,900000
2,flat,900000
2,apartment,900000
5,detached house,900000
2,terraced house,900000
2,apartment,900000
3,end of terrace house,900000
4,detached house,900000
2,apartment,899950
3,terraced house,899950
6,detached bungalow,895000
5,detached house,895000
4,semi-detached house,895000
3,maisonette,895000
3,semi-detached house,895000
6,detached house,895000
4,detached house,889900
4,detached house,875000
4,detached house,875000
4,detached bungalow,875000
4,detached house,875000
4,semi-detached house,875000
4,semi-detached house,875000
3,semi-detached house,875000
3,detached house,875000
3,semi-detached house,875000
3,maisonette,875000
6,semi-detached house,875000
2,apartment,875000
5,detached house,875000
3,terraced house,870000
6,detached house,870000
2,flat,869500
5,detached house,865000
4,terraced house,860000
5,detached house,850000
3,ground floor flat,850000
5,detached bungalow,850000
3,flat,850000
4,semi-detached house,850000
4,apartment,850000
3,end of terrace house,850000
4,end of terrace house,850000
4,semi-detached house,850000
2,flat,850000
5,detached house,850000
3,ground floor maisonette,850000
4,semi-detached house,850000
3,terraced house,850000
5,semi-detached house,850000
4,terraced house,850000
4,terraced house,850000
4,detached house,850000
4,semi-detached house,850000
2,end of terrace house,850000
4,terraced house,850000
3,semi-detached house,850000
4,semi-detached house,850000
4,semi-detached house,850000
4,semi-detached house,849995
3,terraced house,845000
4,detached bungalow,835000
4,detached house,835000
4,semi-detached house,830000
3,terraced house,830000
3,terraced house,830000
4,terraced house,829950
3,semi-detached house,825000
4,terraced house,825000
5,terraced house,825000
2,ground floor flat,825000
4,terraced house,825000
2,apartment,825000
4,semi-detached house,825000
3,detached bungalow,825000
5,detached house,820000
2,apartment,815000
4,semi-detached house,815000
4,semi-detached house,800000
4,detached house,800000
3,terraced house,800000
3,terraced house,800000
3,terraced house,800000
4,detached house,800000
2,ground floor flat,800000
3,maisonette,800000
4,detached house,800000
2,flat,800000
2,flat,800000
5,semi-detached house,800000
4,terraced house,800000
5,detached house,800000
4,detached bungalow,800000
6,semi-detached house,800000
4,terraced house,800000
2,flat,800000
2,maisonette,800000
4,semi-detached house,800000
6,semi-detached house,800000
3,terraced house,800000
4,terraced house,800000
5,detached house,800000
4,semi-detached house,800000
2,terraced house,800000
4,terraced house,800000
6,detached house,800000
4,semi-detached house,800000
3,flat,800000
3,terraced house,800000
4,semi-detached house,800000
2,apartment,800000
5,detached house,800000
4,semi-detached house,800000
3,flat,800000
4,semi-detached house,800000
4,detached house,799950
2,apartment,799950
2,flat,799950
3,town house,799950
4,detached house,799950
4,terraced house,799000
4,terraced house,799000
2,maisonette,799000
4,detached house,795000
1,apartment,795000
2,apartment,795000
4,detached house,795000
4,semi-detached house,795000
4,detached house,790000
3,ground floor flat,790000
4,terraced house,789000
2,apartment,785000
3,duplex,785000
2,duplex,785000
4,detached house,785000
4,semi-detached house,775000
2,apartment,775000
4,terraced house,775000
4,semi-detached house,775000
4,terraced house,775000
4,detached house,770000
2,apartment,769995
5,semi-detached house,760000
4,detached bungalow,760000
3,link detached house,759950
3,detached bungalow,755000
3,ground floor flat,750000
4,triplex,750000
4,detached house,750000
2,ground floor flat,750000
4,semi-detached house,750000
2,apartment,750000
2,apartment,750000
3,apartment,750000
2,apartment,750000
4,terraced house,750000
4,detached house,750000
4,detached house,750000
3,apartment,750000
2,apartment,750000
4,terraced house,750000
4,detached house,750000
4,detached house,750000
4,detached house,750000
6,detached house,750000
3,terraced house,750000
4,semi-detached house,750000
2,flat,750000
2,flat,750000
3,terraced house,750000
4,semi-detached house,750000
2,flat,750000
5,detached house,750000
5,detached bungalow,750000
3,terraced house,750000
3,duplex,749999
3,detached house,749500
6,semi-detached house,740000
5,detached bungalow,750000
3,terraced house,750000
3,duplex,749999
3,detached house,749500
6,semi-detached house,740000
4,detached house,740000
3,end of terrace house,735000
3,flat,735000
3,semi-detached house,730000
2,maisonette,730000
3,terraced house,725000
3,semi-detached house,725000
2,maisonette,725000
3,apartment,725000
4,semi-detached house,725000
3,detached house,725000
3,terraced house,725000
3,detached house,725000
3,detached house,725000
1,apartment,725000
4,semi-detached house,725000
3,detached house,725000
3,terraced house,725000
3,detached house,725000
3,detached house,725000
1,apartment,725000
3,detached house,725000
3,penthouse,725000
3,maisonette,720000
3,semi-detached house,715000
2,flat,700000
2,apartment,700000
3,semi-detached house,700000
3,town house,700000
4,detached house,700000
4,detached house,700000
6,terraced house,700000
3,semi-detached house,700000
3,semi-detached house,700000
4,detached house,700000
2,ground floor flat,700000
3,apartment,700000
4,semi-detached house,700000
3,detached bungalow,700000
2,apartment,700000
5,detached house,700000
4,terraced house,700000
3,end of terrace house,700000
4,maisonette,700000
4,flat,700000
4,end of terrace house,700000
3,flat,700000
4,detached house,700000
5,semi-detached house,700000
2,ground floor flat,700000
6,detached house,700000
5,detached house,700000
5,end of terrace house,700000
2,flat,700000
4,terraced house,700000
2,ground floor flat,700000
3,terraced house,700000
6,detached house,700000
5,detached house,700000
5,end of terrace house,700000
2,flat,700000
4,terraced house,700000
4,terraced house,700000
4,semi-detached house,700000
4,semi-detached house,700000
4,detached house,699950
5,semi-detached house,699950
4,detached house,699000
2,apartment,695000
4,detached house,695000
4,detached house,695000
3,ground floor flat,685950
5,semi-detached house,685000
4,semi-detached house,685000
2,ground floor flat,685000
2,apartment,695000
4,detached house,695000
4,detached house,695000
3,ground floor flat,685950
5,semi-detached house,685000
4,semi-detached house,685000
2,ground floor flat,685000
3,link detached house,685000
2,apartment,685000
4,detached house,685000
2,apartment,685000
5,semi-detached house,685000
2,maisonette,680000
5,detached house,675950
2,apartment,675000
2,ground floor flat,675000
5,detached house,675000
3,character property,675000
3,ground floor flat,675000
4,terraced house,675000
1,flat,675000
5,detached house,675000
3,semi-detached house,675000
4,detached house,675000
3,end of terrace house,675000
4,semi-detached house,675000
3,town house,675000
2,penthouse,675000
4,semi-detached house,675000
3,terraced house,675000
2,apartment,675000
2,apartment,675000
3,semi-detached house,675000
2,flat,675000
3,semi-detached house,675000
2,apartment,675000
2,apartment,675000
4,semi-detached house,675000
4,detached house,675000
5,semi-detached house,675000
4,semi-detached house,672999
2,penthouse,670000
4,link detached house,665000
2,maisonette,665000
5,terraced house,665000
4,end of terrace house,660000
3,detached bungalow,660000
5,semi-detached house,660000
3,terraced house,659000
3,flat,655000
2,maisonette,665000
5,terraced house,665000
4,end of terrace house,660000
3,detached bungalow,660000
5,semi-detached house,660000
3,terraced house,659000
3,flat,655000
4,detached house,650000
3,town house,650000
2,apartment,650000
2,flat,650000
3,terraced house,650000
3,terraced house,650000
4,detached house,650000
5,semi-detached house,650000
4,terraced house,650000
5,semi-detached house,650000
4,semi-detached house,650000
4,detached house,650000
4,semi-detached house,650000
4,detached house,650000
5,semi-detached house,650000
4,terraced house,650000
5,semi-detached house,650000
4,semi-detached house,650000
4,detached house,650000
3,flat,650000
4,semi-detached house,650000
3,apartment,650000
5,detached bungalow,650000
4,terraced house,650000
5,end of terrace house,650000
3,semi-detached house,650000
2,flat,650000
3,terraced house,650000
3,semi-detached house,650000
4,end of terrace house,650000
2,apartment,650000
4,semi-detached house,650000
3,end of terrace house,650000
6,end of terrace house,650000
3,semi-detached house,650000
2,flat,650000
2,apartment,650000
1,apartment,650000
3,terraced house,650000
3,detached house,650000
4,detached bungalow,650000
2,apartment,650000
3,apartment,650000
4,semi-detached house,650000
2,end of terrace house,650000
3,flat,650000
4,detached house,650000
4,maisonette,650000
4,semi-detached house,650000
3,detached house,650000
4,town house,650000
4,detached house,650000
3,end of terrace house,650000
4,detached house,650000
3,terraced house,650000
2,flat,649950
4,terraced house,649000
3,apartment,647000
2,duplex,645000
2,semi-detached house,645000
2,flat,645000
3,semi-detached house,645000
3,end of terrace house,645000
2,flat,645000
3,terraced house,640000
3,semi-detached house,640000
4,end of terrace house,640000
4,semi-detached house,635000
2,flat,635000
4,semi-detached house,635000
3,terraced house,635000
3,semi-detached house,635000
4,semi-detached house,635000
4,detached house,635000
2,penthouse,630000
4,detached house,630000
2,ground floor maisonette,630000
3,flat,630000
3,semi-detached house,630000
2,apartment,630000
2,ground floor flat,630000
2,apartment,629950
3,end of terrace house,625950
5,terraced house,625000
4,semi-detached house,625000
5,semi-detached house,625000
2,flat,625000
4,semi-detached house,625000
6,end of terrace house,625000
3,terraced house,625000
2,apartment,625000
4,end of terrace house,625000
4,link detached house,625000
5,semi-detached house,625000
2,flat,625000
4,semi-detached house,625000
6,end of terrace house,625000
3,terraced house,625000
2,apartment,625000
4,end of terrace house,625000
4,link detached house,625000
4,detached house,625000
3,semi-detached house,625000
2,apartment,625000
3,duplex,625000
2,apartment,625000
3,apartment,625000
4,semi-detached house,625000
3,terraced house,625000
3,semi-detached house,625000
5,semi-detached house,625000
2,apartment,625000
2,apartment,620000
4,bungalow,620000
4,detached house,620000
3,ground floor maisonette,617000
2,ground floor maisonette,615000
3,penthouse,615000
5,semi-detached house,615000
4,semi-detached house,615000
6,semi-detached house,610000
3,semi-detached house,610000
3,semi-detached house,610000
3,terraced house,610000
4,terraced house,605000
2,apartment,600000
2,flat,600000
5,semi-detached house,600000
5,terraced house,600000
2,flat,600000
5,terraced house,600000
2,flat,600000
2,apartment,600000
2,apartment,600000
2,maisonette,600000
2,apartment,600000
3,semi-detached house,600000
3,semi-detached house,600000
4,semi-detached house,600000
3,end of terrace house,600000
2,flat,600000
2,flat,600000
2,flat,600000
2,apartment,600000
3,semi-detached house,600000
2,flat,600000
3,semi-detached house,600000
4,semi-detached house,600000
3,end of terrace house,600000
2,flat,600000
2,flat,600000
5,terraced house,600000
3,flat,600000
2,apartment,600000
2,apartment,600000
4,detached house,600000
3,semi-detached house,600000
3,semi-detached house,600000
2,apartment,600000
2,flat,600000
4,terraced house,600000
2,flat,600000
2,end of terrace house,600000
4,detached house,600000
3,semi-detached house,600000
3,semi-detached house,600000
2,apartment,600000
2,flat,600000
2,flat,600000
2,end of terrace house,600000
4,terraced house,600000
2,terraced house,600000
4,semi-detached house,600000
2,apartment,600000
5,terraced house,600000
3,semi-detached house,600000
1,flat,600000
6,detached house,600000
3,semi-detached house,600000
2,apartment,600000
3,flat,600000
3,semi-detached house,600000
4,detached bungalow,600000
5,detached house,600000
4,semi-detached house,600000
3,terraced house,600000
2,end of terrace house,599995
2,end of terrace house,599995
3,detached house,599995
6,semi-detached house,599950
2,apartment,599950
3,semi-detached house,595000
2,apartment,595000
4,semi-detached house,595000
3,end of terrace house,595000
1,flat,595000
4,detached house,595000
1,flat,595000
5,semi-detached house,590000
2,apartment,590000
3,semi-detached house,585000
3,terraced house,585000
3,semi-detached house,585000
2,apartment,585000
2,flat,585000
2,flat,585000
4,detached house,585000
3,end of terrace house,585000
3,semi-detached house,585000
5,semi-detached house,585000
2,duplex,585000
2,apartment,585000
2,flat,585000
2,terraced house,585000
4,flat,585000
2,terraced house,580000
2,apartment,580000
3,semi-detached house,580000
4,semi-detached house,580000
3,flat,580000
2,flat,580000
3,semi-detached house,580000
4,detached house,580000
2,terraced house,580000
2,apartment,580000
3,semi-detached house,580000
4,semi-detached house,580000
3,flat,580000
2,flat,580000
3,semi-detached house,580000
4,detached house,580000
3,apartment,580000
4,detached house,580000
4,end of terrace house,579000
3,terraced house,579000
2,flat,575000
2,apartment,575000
4,detached house,575000
4,semi-detached house,575000
2,flat,575000
3,apartment,575000
3,semi-detached house,575000
4,terraced house,575000
3,detached house,575000
2,terraced house,575000
1,ground floor flat,575000
4,detached house,575000
6,detached house,575000
3,semi-detached house,575000
2,maisonette,575000
3,ground floor flat,575000
2,apartment,575000
2,detached bungalow,575000
5,town house,575000
4,semi-detached house,575000
2,flat,575000
4,semi-detached house,575000
4,terraced house,575000
3,detached bungalow,575000
2,semi-detached bungalow,575000
4,detached house,575000
3,semi-detached house,575000
4,end of terrace house,575000
4,semi-detached house,575000
4,detached house,575000
4,semi-detached house,575000
2,apartment,575000
4,terraced house,575000
2,maisonette,575000
1,ground floor flat,575000
3,flat,575000
3,flat,575000
3,detached house,575000
2,apartment,575000
4,terraced house,575000
2,maisonette,575000
1,ground floor flat,575000
3,flat,575000
3,flat,575000
3,detached house,575000
1,apartment,575000
2,apartment,575000
2,terraced house,575000
3,semi-detached house,575000
4,detached house,575000
2,flat,573000
4,semi-detached house,570000
2,flat,570000
3,bungalow,570000
2,apartment,570000
3,detached bungalow,569950
5,link detached house,565000
1,flat,565000
2,flat,560000
4,end of terrace house,560000
4,semi-detached house,560000
3,semi-detached house,560000
2,apartment,560000
4,terraced house,560000
3,maisonette,559000
4,town house,555000
2,flat,555000
2,flat,550000
3,semi-detached house,560000
2,apartment,560000
4,terraced house,560000
3,maisonette,559000
4,town house,555000
2,flat,555000
2,flat,550000
2,apartment,550000
2,apartment,550000
2,semi-detached house,550000
2,flat,550000
4,end of terrace house,550000
2,ground floor flat,550000
4,semi-detached house,550000
4,semi-detached house,550000
3,semi-detached house,550000
2,apartment,550000
2,flat,550000
3,flat,550000
3,terraced house,550000
2,flat,550000
4,terraced house,550000
3,terraced house,550000
2,flat,550000
1,flat,550000
2,flat,550000
3,semi-detached house,550000
3,link detached house,550000
3,terraced house,550000
4,detached house,550000
2,flat,550000
1,flat,550000
2,flat,550000
3,semi-detached house,550000
3,terraced house,550000
4,detached house,550000
3,semi-detached house,550000
3,terraced house,550000
3,link detached house,550000
3,semi-detached house,550000
2,apartment,550000
2,apartment,550000
3,terraced house,550000
2,apartment,550000
5,semi-detached house,550000
2,flat,550000
2,apartment,550000
3,semi-detached house,550000
2,end of terrace house,550000
2,apartment,550000
2,apartment,550000
2,flat,550000
1,apartment,550000
3,detached bungalow,550000
4,end of terrace house,550000
2,bungalow,550000
4,detached house,550000
3,terraced house,550000
3,flat,550000
2,flat,550000
2,flat,550000
2,flat,550000
4,end of terrace house,550000
3,detached house,550000
4,semi-detached house,550000
3,semi-detached house,550000
2,flat,550000
4,detached house,550000
2,flat,550000
2,flat,550000
3,detached house,550000
4,semi-detached house,550000
3,semi-detached house,550000
2,flat,550000
4,detached house,550000
2,flat,550000
2,flat,550000
3,detached house,550000
2,apartment,550000
2,ground floor flat,550000
1,flat,550000
2,flat,550000
4,detached house,550000
2,maisonette,550000
1,apartment,550000
4,semi-detached house,550000
3,apartment,550000
2,flat,550000
4,terraced house,550000
3,terraced house,550000
2,maisonette,550000
1,apartment,550000
4,semi-detached house,550000
3,apartment,550000
4,terraced house,550000
2,flat,550000
3,terraced house,550000
3,semi-detached house,550000
4,terraced house,550000
3,semi-detached house,550000
2,flat,549950
5,maisonette,549950
4,detached house,549950
3,link detached house,545000
3,detached bungalow,544950
5,detached bungalow,540000
4,terraced house,540000
2,maisonette,540000
5,terraced house,540000
3,terraced house,540000
3,link detached house,545000
3,detached bungalow,544950
5,detached bungalow,540000
4,terraced house,540000
2,maisonette,540000
5,terraced house,540000
3,terraced house,540000
2,apartment,540000
2,flat,540000
2,flat,539000
2,flat,538500
2,apartment,535000
3,terraced house,535000
3,apartment,535000
2,flat,535000
4,terraced house,535000
2,apartment,535000
3,terraced house,535000
3,apartment,535000
3,semi-detached house,530000
4,detached house,530000
1,apartment,525000
3,town house,525000
3,apartment,525000
3,semi-detached house,525000
4,terraced house,525000
2,apartment,525000
2,end of terrace house,525000
2,mews house,525000
1,apartment,525000
3,apartment,525000
3,semi-detached house,525000
4,terraced house,525000
2,apartment,525000
2,end of terrace house,525000
2,mews house,525000
1,apartment,525000
4,semi-detached house,525000
3,terraced house,525000
3,terraced house,525000
3,semi-detached house,525000
3,flat,525000
3,semi-detached house,525000
3,maisonette,525000
3,ground floor maisonette,525000
2,apartment,525000
2,flat,525000
3,end of terrace house,525000
3,terraced house,525000
3,terraced house,525000
4,semi-detached house,525000
1,ground floor flat,525000
2,apartment,525000
3,terraced house,525000
2,apartment,525000
2,flat,525000
3,flat,525000
3,terraced house,525000
2,apartment,525000
4,apartment,525000
3,detached house,525000
3,terraced house,525000
3,terraced house,525000
3,terraced house,525000
2,flat,525000
5,detached house,525000
3,terraced house,525000
4,link detached house,525000
1,apartment,525000
3,semi-detached house,525000
2,apartment,515000
3,detached bungalow,515000
3,semi-detached house,515000
3,semi-detached house,515000
2,flat,515000
4,detached house,515000
5,terraced house,515000
2,terraced house,515000
5,semi-detached house,515000
2,flat,515000
3,semi-detached house,515000
2,flat,515000
4,detached house,515000
5,terraced house,515000
2,terraced house,515000
5,semi-detached house,515000
2,flat,515000
2,flat,514500
2,apartment,512000
3,maisonette,510000
2,apartment,500000
3,bungalow,500000
3,terraced house,500000
4,link detached house,500000
2,flat,500000
1,apartment,500000
3,end of terrace house,500000
2,flat,500000
2,flat,500000
2,apartment,500000
3,semi-detached house,500000
2,apartment,500000
3,terraced house,500000
2,apartment,500000
4,semi-detached house,500000
2,ground floor maisonette,500000
3,detached house,500000
3,terraced house,500000
3,end of terrace house,500000
2,terraced house,500000
2,apartment,500000
4,semi-detached house,500000
2,ground floor maisonette,500000
3,detached house,500000
3,terraced house,500000
3,end of terrace house,500000
2,terraced house,500000
5,end of terrace house,500000
4,detached house,500000
2,flat,500000
4,town house,500000
4,semi-detached house,500000
1,apartment,500000
2,end of terrace house,500000
2,flat,500000
2,apartment,500000
2,maisonette,500000
3,detached house,500000
2,flat,500000
2,apartment,500000
2,apartment,500000
3,ground floor maisonette,500000
2,flat,500000
3,semi-detached house,500000
2,apartment,500000
2,apartment,500000
2,flat,500000
2,terraced house,500000
2,duplex,500000
2,apartment,500000
3,semi-detached house,500000
2,apartment,500000
2,apartment,500000
2,flat,500000
2,terraced house,500000
2,duplex,500000
2,apartment,500000
4,terraced house,500000
3,apartment,500000
2,semi-detached house,500000
2,terraced house,500000
3,end of terrace house,500000
2,ground floor flat,500000
3,end of terrace house,500000
3,terraced house,500000
4,semi-detached house,500000
4,semi-detached house,500000
3,flat,500000
4,terraced house,500000
3,semi-detached house,500000
2,ground floor flat,500000
3,semi-detached house,500000
3,terraced house,500000
1,ground floor maisonette,500000
3,flat,500000
2,apartment,500000
3,ground floor maisonette,500000
2,flat,500000
4,terraced house,500000
3,detached house,500000
2,duplex,500000
3,semi-detached house,500000
4,detached house,500000
2,flat,499999
2,apartment,499999
2,apartment,499995
3,semi-detached house,499950
2,apartment,499950
1,apartment,499950
2,apartment,499000
2,flat,499999
2,apartment,499999
2,apartment,499995
3,semi-detached house,499950
2,apartment,499950
1,apartment,499950
2,apartment,499000
4,semi-detached house,496500
3,detached house,495000
2,duplex,495000
2,flat,495000
2,flat,495000
3,semi-detached house,495000
3,semi-detached house,495000
3,terraced house,495000
1,apartment,495000
3,semi-detached house,495000
1,apartment,495000
3,semi-detached house,495000
2,ground floor maisonette,495000
3,semi-detached house,495000
3,semi-detached house,495000
1,apartment,490000
3,terraced house,490000
1,flat,490000
2,flat,490000
2,ground floor flat,490000
1,apartment,490000
2,apartment,490000
3,detached bungalow,490000
1,apartment,490000
1,flat,490000
3,semi-detached house,490000
3,end of terrace house,490000
2,apartment,490000
3,semi-detached house,489000
3,apartment,485000
3,maisonette,485000
2,flat,485000
3,semi-detached house,485000
2,flat,485000
2,flat,485000
2,ground floor flat,485000
2,terraced house,485000
2,terraced house,485000
2,flat,485000
4,detached house,485000
3,end of terrace house,485000
4,terraced house,485000
2,apartment,485000
2,flat,485000
2,apartment,480000
2,terraced house,480000
3,semi-detached house,480000
3,semi-detached house,480000
2,flat,480000
3,town house,480000
2,detached bungalow,480000
4,semi-detached house,480000
2,flat,480000
2,ground floor flat,475000
2,apartment,475000
3,terraced house,475000
2,semi-detached house,475000
2,apartment,475000
2,ground floor maisonette,475000
3,town house,475000
3,semi-detached house,475000
3,semi-detached house,475000
3,detached house,475000
5,detached house,475000
2,flat,475000
1,apartment,475000
2,flat,475000
4,detached house,475000
3,apartment,475000
2,apartment,475000
2,flat,475000
2,terraced house,475000
2,ground floor maisonette,475000
1,apartment,475000
2,flat,475000
4,detached house,475000
3,apartment,475000
2,apartment,475000
2,flat,475000
2,terraced house,475000
2,ground floor flat,475000
2,ground floor maisonette,475000
2,flat,475000
3,semi-detached bungalow,475000
3,semi-detached house,475000
3,terraced house,475000
1,flat,475000
3,end of terrace house,475000
1,ground floor maisonette,475000
2,apartment,475000
2,flat,475000
1,flat,475000
3,semi-detached house,475000
3,terraced house,475000
2,apartment,475000
4,semi-detached house,475000
3,apartment,475000
2,apartment,475000
3,detached house,475000
2,flat,475000
3,end of terrace house,475000
1,ground floor flat,475000
2,flat,475000
2,apartment,475000
4,semi-detached house,475000
3,apartment,475000
2,apartment,475000
3,detached house,475000
1,ground floor flat,475000
2,flat,475000
3,end of terrace house,475000
2,flat,475000
1,flat,475000
3,maisonette,475000
4,detached house,475000
2,end of terrace house,475000
2,apartment,475000
2,apartment,475000
2,terraced house,475000
1,ground floor flat,475000
1,block of apartments,475000
3,terraced house,475000
4,semi-detached house,475000
3,end of terrace house,475000
2,apartment,475000
1,flat,475000
3,terraced house,475000
3,maisonette,475000
1,apartment,475000
2,flat,475000
4,flat,475000
1,flat,475000
1,apartment,475000
5,semi-detached house,475000
4,semi-detached house,475000
4,detached house,474950
2,apartment,470000
2,flat,470000
2,flat,470000
3,apartment,470000
4,semi-detached house,470000
1,apartment,470000
1,apartment,470000
3,terraced house,470000
2,end of terrace house,470000
3,end of terrace house,470000
3,terraced house,470000
2,terraced house,470000
2,apartment,470000
3,duplex,470000
2,flat,469999
4,detached house,468500
2,apartment,465000
2,end of terrace house,470000
3,end of terrace house,470000
3,terraced house,470000
2,terraced house,470000
2,apartment,470000
3,duplex,470000
2,flat,469999
4,detached house,468500
2,apartment,465000
2,flat,465000
2,flat,465000
2,flat,465000
3,semi-detached house,465000
2,flat,465000
2,flat,465000
2,flat,465000
2,maisonette,465000
2,apartment,465000
2,flat,465000
2,maisonette,465000
2,flat,460000
3,detached house,460000
4,semi-detached house,460000
2,apartment,460000
1,flat,460000
3,semi-detached house,460000
3,flat,460000
2,ground floor flat,460000
3,end of terrace house,455000
3,apartment,455000
3,detached house,460000
4,semi-detached house,460000
2,apartment,460000
1,flat,460000
3,semi-detached house,460000
3,flat,460000
2,ground floor flat,460000
3,end of terrace house,455000
3,apartment,455000
1,apartment,450000
2,flat,450000
2,flat,450000
1,ground floor maisonette,450000
4,apartment,450000
2,flat,450000
3,end of terrace house,450000
2,maisonette,450000
3,terraced house,450000
4,end of terrace house,450000
1,flat,450000
4,terraced house,450000
1,flat,450000
3,flat,450000
2,flat,450000
4,semi-detached house,450000
1,apartment,450000
4,terraced house,450000
2,flat,450000
2,ground floor flat,450000
4,semi-detached house,450000
1,flat,450000
3,end of terrace house,450000
2,flat,450000
2,ground floor flat,450000
2,apartment,450000
3,flat,450000
2,apartment,450000
4,detached house,450000
3,terraced house,450000
3,terraced house,450000
3,end of terrace house,450000
2,flat,450000
2,ground floor flat,450000
2,apartment,450000
3,flat,450000
2,apartment,450000
4,detached house,450000
3,terraced house,450000
3,terraced house,450000
3,semi-detached house,450000
1,ground floor flat,450000
3,semi-detached house,450000
3,semi-detached house,450000
1,flat,450000
2,apartment,450000
2,apartment,450000
2,apartment,450000
1,flat,450000
2,flat,450000
2,semi-detached house,450000
3,terraced house,450000
3,flat,450000
3,flat,450000
3,apartment,450000
2,semi-detached house,450000
1,apartment,450000
2,flat,450000
3,terraced house,450000
2,flat,450000
2,flat,450000
3,flat,450000
3,flat,450000
3,apartment,450000
1,apartment,450000
2,flat,450000
2,semi-detached house,450000
3,terraced house,450000
2,flat,450000
2,flat,450000
3,detached house,450000
2,semi-detached house,450000
1,flat,450000
2,maisonette,450000
2,flat,450000
3,detached house,450000
3,end of terrace house,450000
2,apartment,450000
3,semi-detached house,450000
3,apartment,450000
2,flat,450000
3,flat,450000
3,semi-detached house,450000
2,flat,450000
3,detached house,450000
3,semi-detached house,450000
1,apartment,450000
4,semi-detached bungalow,450000
3,terraced house,450000
3,flat,450000
2,flat,450000
3,semi-detached house,450000
3,flat,450000
3,semi-detached house,450000
3,detached house,450000
2,flat,450000
4,semi-detached bungalow,450000
3,terraced house,450000
3,flat,450000
2,flat,450000
3,maisonette,450000
2,terraced house,445000
2,duplex,445000
3,terraced house,444000
3,maisonette,440000
2,flat,440000
3,terraced house,440000
1,apartment,440000
1,ground floor flat,440000
3,end of terrace house,440000
2,apartment,440000
2,apartment,440000
3,semi-detached house,440000
1,apartment,440000
2,apartment,440000
3,terraced house,440000
3,detached house,440000
3,flat,440000
3,semi-detached house,439995
5,semi-detached house,437500
2,apartment,436000
2,apartment,440000
3,semi-detached house,440000
1,apartment,440000
2,apartment,440000
3,terraced house,440000
3,detached house,440000
3,flat,440000
3,semi-detached house,439995
5,semi-detached house,437500
2,apartment,436000
2,end of terrace house,435000
2,flat,435000
3,semi-detached house,435000
2,semi-detached house,435000
2,flat,430000
3,terraced house,430000
1,apartment,430000
1,apartment,430000
1,flat,429999
3,semi-detached house,429950
1,ground floor flat,428500
2,flat,425000
2,apartment,425000
3,maisonette,425000
2,flat,425000
3,apartment,425000
2,flat,425000
2,apartment,425000
2,flat,425000
2,apartment,425000
2,flat,425000
3,semi-detached house,425000
2,flat,425000
1,apartment,425000
3,semi-detached house,425000
2,terraced house,425000
1,ground floor flat,425000
2,maisonette,425000
3,terraced house,425000
3,flat,425000
3,terraced house,425000
3,detached house,425000
3,semi-detached house,425000
1,flat,425000
2,semi-detached house,425000
2,terraced house,425000
2,terraced house,425000
1,flat,425000
2,block of apartments,425000
3,ground floor flat,425000
3,terraced house,425000
3,flat,425000
3,terraced house,425000
3,detached house,425000
3,semi-detached house,425000
1,flat,425000
2,semi-detached house,425000
2,terraced house,425000
2,terraced house,425000
1,flat,425000
3,maisonette,425000
1,apartment,425000
1,ground floor flat,425000
4,semi-detached bungalow,425000
3,semi-detached house,425000
4,terraced house,425000
3,flat,425000
2,maisonette,425000
3,end of terrace house,425000
3,terraced house,425000
3,apartment,425000
2,cottage,425000
3,maisonette,425000
1,apartment,425000
1,ground floor flat,425000
4,semi-detached bungalow,425000
3,semi-detached house,425000
4,terraced house,425000
2,maisonette,425000
3,terraced house,425000
2,maisonette,425000
3,terraced house,425000
3,terraced house,425000
3,semi-detached house,425000
3,semi-detached bungalow,425000
3,terraced house,425000
3,flat,425000
2,flat,425000
1,flat,425000
2,end of terrace house,425000
2,apartment,425000
3,semi-detached house,425000
1,ground floor flat,425000
3,apartment,425000
2,end of terrace house,425000
2,flat,425000
1,apartment,425000
2,flat,425000
1,maisonette,425000
2,semi-detached house,425000
1,flat,425000
1,flat,425000
2,end of terrace house,425000
2,apartment,425000
3,semi-detached house,425000
1,ground floor flat,425000
2,end of terrace house,425000
3,apartment,425000
2,flat,425000
1,apartment,425000
4,terraced house,425000
1,apartment,425000
3,terraced house,425000
3,terraced house,425000
3,end of terrace house,425000
1,apartment,425000
2,apartment,425000
2,apartment,425000
2,maisonette,425000
2,ground floor flat,425000
4,town house,425000
3,semi-detached house,425000
3,terraced house,425000
4,terraced house,425000
1,apartment,425000
3,terraced house,425000
3,terraced house,425000
3,end of terrace house,425000
1,apartment,425000
2,apartment,425000
2,apartment,425000
2,maisonette,425000
2,ground floor flat,425000
3,end of terrace house,425000
2,apartment,425000
3,flat,425000
2,apartment,425000
1,flat,425000
2,terraced house,425000
2,apartment,425000
2,flat,425000
3,semi-detached house,425000
2,flat,425000
2,semi-detached house,425000
1,flat,424750
3,maisonette,420000
1,apartment,420000
3,terraced house,420000
3,terraced house,420000
2,flat,420000
3,terraced house,415000
2,apartment,415000
1,apartment,415000
3,terraced house,415000
5,end of terrace house,415000
1,flat,415000
3,terraced house,415000
3,terraced house,415000
2,ground floor maisonette,415000
2,flat,415000
1,flat,415000
2,flat,415000
2,end of terrace house,415000
3,terraced house,415000
2,apartment,415000
1,apartment,415000
3,terraced house,415000
5,end of terrace house,415000
1,flat,415000
3,terraced house,415000
3,terraced house,415000
2,ground floor maisonette,415000
2,flat,415000
3,semi-detached house,415000
3,terraced house,415000
2,flat,415000
2,flat,415000
2,apartment,410000
3,semi-detached house,410000
1,flat,410000
3,terraced house,410000
3,semi-detached house,410000
2,apartment,410000
2,end of terrace house,410000
2,apartment,410000
2,apartment,410000
2,apartment,410000
2,end of terrace house,410000
4,flat,405000
3,terraced house,405000
2,ground floor flat,400000
3,end of terrace house,400000
2,semi-detached house,400000
2,apartment,400000
1,flat,400000
3,end of terrace house,400000
2,ground floor maisonette,400000
3,terraced house,400000
3,semi-detached house,400000
3,terraced house,400000
2,flat,400000
2,duplex,400000
2,flat,400000
2,ground floor flat,400000
3,end of terrace house,400000
2,semi-detached house,400000
2,apartment,400000
1,flat,400000
3,end of terrace house,400000
2,ground floor maisonette,400000
1,flat,400000
2,ground floor maisonette,400000
1,flat,400000
2,terraced house,400000
3,semi-detached house,400000
2,terraced house,400000
3,chalet,400000
1,flat,400000
3,apartment,400000
3,apartment,400000
2,flat,400000
2,ground floor flat,400000
2,maisonette,400000
1,flat,400000
1,flat,400000
2,terraced house,400000
2,ground floor maisonette,400000
3,semi-detached house,400000
2,terraced house,400000
3,chalet,400000
2,flat,400000
3,semi-detached house,400000
2,terraced house,400000
3,semi-detached house,400000
3,flat,400000
3,semi-detached house,400000
3,semi-detached house,400000
2,flat,400000
3,terraced house,400000
1,terraced house,400000
3,end of terrace house,400000
3,maisonette,400000
3,terraced house,400000
2,flat,400000
3,semi-detached house,400000
2,terraced house,400000
3,semi-detached house,400000
3,semi-detached house,400000
3,flat,400000
3,semi-detached house,400000
3,semi-detached house,400000
2,flat,400000
2,terraced house,400000
2,apartment,400000
2,flat,400000
3,detached bungalow,400000
3,terraced house,400000
2,apartment,400000
1,maisonette,400000
3,flat,400000
1,apartment,400000
2,semi-detached house,400000
2,terraced house,400000
2,flat,400000
2,apartment,400000
1,maisonette,400000
3,flat,400000
3,semi-detached house,400000
2,apartment,400000
2,terraced house,400000
2,apartment,400000
1,maisonette,400000
3,flat,400000
4,terraced house,400000
1,flat,400000
3,flat,400000
3,terraced house,400000
3,end of terrace house,400000
2,flat,400000
2,flat,400000
2,end of terrace house,400000
3,semi-detached house,400000
2,flat,400000
2,town house,400000
2,semi-detached house,400000
2,apartment,400000
4,terraced house,400000
3,town house,400000
2,maisonette,400000
2,apartment,400000
3,apartment,400000
2,flat,400000
1,apartment,400000
2,end of terrace house,400000
3,semi-detached house,400000
2,flat,400000
2,town house,400000
2,semi-detached house,400000
2,apartment,400000
4,terraced house,400000
2,penthouse,399000
1,apartment,399000
1,apartment,399000
4,semi-detached house,399000
2,flat,395500
3,end of terrace house,395000
1,flat,395000
1,flat,395000
1,flat,395000
2,flat,395000
2,flat,395000
2,apartment,395000
2,flat,395000
2,flat,395000
3,flat,395000
2,flat,392000
2,apartment,390000
3,end of terrace house,390000
2,apartment,390000
3,terraced house,390000
2,flat,390000
2,ground floor flat,390000
3,town house,390000
2,terraced house,390000
2,flat,390000
2,apartment,390000
3,terraced house,390000
4,semi-detached house,390000
2,end of terrace house,390000
2,flat,390000
2,terraced house,390000
2,apartment,389995
1,apartment,389500
1,flat,389000
1,flat,389000
2,apartment,385000
2,terraced house,385000
1,apartment,385000
2,end of terrace house,385000
2,semi-detached house,385000
4,semi-detached house,390000
2,end of terrace house,390000
2,flat,390000
2,terraced house,390000
2,apartment,389995
1,apartment,389500
1,flat,389000
1,flat,389000
2,apartment,385000
2,terraced house,385000
1,apartment,385000
2,end of terrace house,385000
3,semi-detached house,385000
3,semi-detached house,385000
1,flat,385000
2,semi-detached house,385000
3,semi-detached house,385000
2,apartment,385000
4,semi-detached house,385000
3,town house,385000
2,apartment,380000
3,terraced house,380000
3,semi-detached house,380000
3,end of terrace house,380000
1,flat,380000
2,apartment,380000
2,apartment,380000
3,end of terrace house,380000
2,flat,380000
2,flat,380000
3,semi-detached house,379995
2,apartment,375000
2,terraced house,375000
2,flat,375000
1,flat,375000
1,apartment,375000
2,apartment,375000
2,terraced house,375000
1,flat,375000
2,semi-detached house,375000
2,ground floor maisonette,375000
2,apartment,375000
2,apartment,375000
1,flat,375000
3,end of terrace house,375000
2,flat,375000
2,terraced house,375000
2,detached house,375000
1,flat,375000
2,apartment,375000
1,maisonette,375000
2,flat,375000
3,flat,375000
2,terraced house,375000
2,apartment,375000
2,apartment,375000
3,end of terrace house,375000
1,maisonette,375000
2,apartment,375000
2,apartment,375000
2,flat,375000
2,flat,375000
2,apartment,375000
1,flat,375000
3,detached house,375000
2,flat,375000
3,terraced house,375000
2,terraced house,375000
2,semi-detached house,375000
2,flat,375000
3,end of terrace house,375000
2,apartment,375000
2,apartment,375000
2,flat,375000
2,flat,375000
2,apartment,375000
1,flat,375000
3,detached house,375000
2,flat,375000
3,terraced house,375000
2,terraced house,375000
2,semi-detached house,375000
2,flat,375000
1,flat,375000
2,flat,375000
2,apartment,375000
3,terraced house,375000
2,semi-detached house,375000
2,flat,375000
3,terraced house,375000
2,flat,375000
3,semi-detached house,375000
2,flat,375000
2,flat,375000
2,apartment,375000
2,apartment,375000
3,terraced house,375000
3,maisonette,375000
2,flat,375000
3,end of terrace house,375000
1,apartment,375000
1,flat,375000
2,maisonette,375000
3,semi-detached house,375000
2,apartment,375000
3,semi-detached house,375000
1,apartment,375000
2,flat,375000
2,apartment,375000
3,terraced house,375000
3,terraced house,375000
2,flat,375000
2,apartment,375000
2,apartment,375000
2,apartment,375000
2,apartment,375000
3,ground floor flat,375000
3,terraced house,375000
2,flat,375000
2,apartment,375000
2,end of terrace house,375000
4,flat,375000
3,semi-detached house,375000
2,maisonette,375000
2,flat,375000
1,apartment,375000
3,terraced house,375000
2,apartment,375000
2,apartment,375000
3,terraced house,375000
1,flat,375000
2,apartment,375000
1,apartment,375000
4,apartment,375000
1,apartment,375000
1,detached bungalow,375000
2,flat,375000
2,terraced house,375000
2,flat,375000
2,flat,375000
2,apartment,375000
2,apartment,375000
3,terraced house,375000
1,flat,375000
2,apartment,375000
1,apartment,375000
4,apartment,375000
1,apartment,375000
2,flat,375000
1,detached bungalow,375000
2,flat,370000
3,flat,370000
1,ground floor flat,365000
2,terraced house,365000
1,ground floor flat,365000
2,flat,365000
3,terraced house,365000
2,flat,365000
2,bungalow,365000
2,flat,365000
3,terraced house,365000
2,flat,365000
1,flat,365000
1,apartment,365000
2,end of terrace house,365000
2,apartment,365000
2,flat,365000
3,terraced house,365000
1,flat,365000
1,flat,365000
2,apartment,365000
1,ground floor flat,365000
1,apartment,365000
2,terraced house,365000
1,apartment,365000
2,apartment,365000
3,terraced house,365000
2,ground floor maisonette,365000
1,ground floor flat,365000
1,apartment,365000
3,terraced house,365000
1,flat,365000
1,flat,365000
2,apartment,365000
1,ground floor flat,365000
1,apartment,365000
2,terraced house,365000
1,apartment,365000
2,apartment,365000
3,terraced house,365000
2,ground floor maisonette,365000
1,apartment,365000
1,ground floor flat,365000
2,apartment,360000
3,semi-detached house,360000
3,semi-detached house,360000
4,chalet,360000
2,terraced house,360000
2,apartment,360000
2,apartment,360000
1,bungalow,359000
3,flat,357500
3,maisonette,355000
2,end of terrace house,355000
1,apartment,355000
3,terraced house,355000
2,apartment,355000
2,semi-detached house,355000
2,maisonette,350000
2,flat,350000
3,semi-detached house,350000
2,apartment,350000
2,flat,350000
2,terraced house,350000
1,flat,350000
2,flat,350000
2,flat,350000
2,detached house,350000
3,terraced house,350000
2,apartment,350000
2,semi-detached house,355000
2,maisonette,350000
2,flat,350000
3,semi-detached house,350000
2,apartment,350000
2,flat,350000
1,flat,350000
2,terraced house,350000
2,flat,350000
2,flat,350000
2,detached house,350000
3,terraced house,350000
2,apartment,350000
3,semi-detached house,350000
3,terraced house,350000
2,semi-detached house,350000
2,flat,350000
2,ground floor flat,350000
2,flat,350000
2,apartment,350000
3,terraced house,350000
1,flat,350000
3,end of terrace house,350000
1,apartment,350000
3,flat,350000
2,end of terrace house,350000
3,end of terrace house,350000
1,flat,350000
3,end of terrace house,350000
3,terraced house,350000
1,apartment,350000
3,terraced house,350000
3,apartment,350000
3,end of terrace house,350000
2,flat,350000
1,flat,350000
1,apartment,350000
2,apartment,350000
2,apartment,350000
2,flat,350000
2,apartment,350000
3,terraced house,350000
1,flat,350000
3,terraced house,350000
2,flat,350000
3,terraced house,350000
1,flat,350000
1,ground floor flat,350000
2,ground floor flat,350000
2,flat,350000
2,apartment,350000
2,apartment,350000
2,flat,350000
3,terraced house,350000
2,apartment,350000
1,flat,350000
3,terraced house,350000
2,flat,350000
3,terraced house,350000
1,flat,350000
1,ground floor flat,350000
2,ground floor flat,350000
2,flat,350000
3,semi-detached house,350000
1,apartment,350000
2,flat,350000
1,maisonette,350000
2,ground floor flat,350000
1,flat,350000
2,terraced house,350000
2,maisonette,350000
2,maisonette,350000
4,end of terrace house,350000
3,end of terrace house,350000
1,flat,350000
2,apartment,350000
3,terraced house,350000
2,maisonette,350000
2,end of terrace house,350000
2,flat,350000
2,ground floor flat,350000
1,flat,350000
3,semi-detached house,350000
2,flat,350000
2,flat,350000
1,apartment,350000
1,flat,350000
1,apartment,350000
2,flat,350000
2,apartment,350000
2,flat,350000
2,flat,350000
1,apartment,350000
1,ground floor flat,350000
2,terraced house,350000
2,apartment,350000
1,flat,350000
3,terraced house,350000
2,ground floor flat,350000
2,apartment,350000
1,apartment,350000
3,ground floor flat,350000
1,flat,350000
3,terraced house,350000
2,maisonette,350000
2,ground floor flat,350000
1,apartment,350000
1,flat,350000
1,flat,350000
3,semi-detached house,350000
1,ground floor flat,350000
3,terraced house,350000
3,end of terrace house,350000
1,ground floor flat,350000
2,apartment,349950
1,apartment,349950
2,semi-detached house,349000
1,ground floor maisonette,345000
1,flat,345000
2,flat,345000
2,terraced house,345000
1,flat,345000
2,apartment,345000
3,terraced house,345000
1,apartment,345000
3,terraced house,345000
2,maisonette,344950
1,flat,340000
2,maisonette,340000
2,end of terrace house,340000
1,ground floor maisonette,345000
1,flat,345000
2,flat,345000
2,terraced house,345000
1,flat,345000
2,apartment,345000
3,terraced house,345000
1,apartment,345000
3,terraced house,345000
2,maisonette,344950
2,flat,340000
2,maisonette,340000
1,apartment,340000
2,end of terrace house,340000
2,semi-detached house,340000
3,end of terrace house,340000
2,flat,340000
2,terraced house,340000
2,terraced house,340000
1,flat,340000
1,apartment,340000
3,end of terrace house,340000
1,flat,340000
2,flat,340000
2,maisonette,340000
1,apartment,340000
2,end of terrace house,340000
2,semi-detached house,340000
3,end of terrace house,340000
2,flat,340000
2,terraced house,340000
2,terraced house,340000
1,flat,340000
1,apartment,340000
2,flat,340000
1,apartment,340000
2,ground floor flat,340000
2,apartment,340000
2,flat,340000
2,apartment,339950
2,terraced house,339500
1,flat,338000
2,flat,337500
2,terraced house,335000
2,maisonette,335000
1,apartment,335000
1,ground floor flat,335000
2,flat,335000
2,maisonette,335000
2,terraced house,335000
1,flat,335000
1,apartment,335000
2,end of terrace house,335000
1,apartment,335000
2,ground floor flat,335000
1,apartment,335000
2,ground floor flat,335000
2,ground floor flat,335000
1,apartment,335000
2,apartment,335000
2,apartment,335000
2,apartment,332000
2,apartment,330000
2,flat,330000
2,apartment,330000
2,terraced house,330000
2,terraced house,330000
1,flat,330000
2,terraced house,330000
1,apartment,330000
2,flat,325000
2,maisonette,325000
2,penthouse,325000
1,flat,325000
2,apartment,325000
2,ground floor flat,325000
1,apartment,325000
2,maisonette,325000
3,terraced house,325000
2,flat,325000
1,apartment,325000
1,studio flat,325000
2,flat,325000
2,flat,325000
2,maisonette,325000
2,penthouse,325000
1,flat,325000
2,apartment,325000
2,ground floor flat,325000
1,apartment,325000
2,maisonette,325000
3,terraced house,325000
2,flat,325000
3,end of terrace house,325000
2,end of terrace house,325000
3,terraced house,325000
2,ground floor flat,325000
2,apartment,325000
3,duplex,325000
1,flat,325000
2,ground floor maisonette,325000
2,apartment,325000
3,terraced house,325000
1,flat,325000
2,flat,325000
1,flat,325000
2,ground floor maisonette,325000
1,apartment,325000
1,flat,325000
1,flat,325000
2,apartment,325000
2,apartment,325000
2,ground floor maisonette,325000
2,apartment,325000
3,terraced house,325000
1,flat,325000
1,flat,325000
2,flat,325000
1,flat,325000
2,ground floor maisonette,325000
2,apartment,325000
2,ground floor maisonette,325000
1,apartment,325000
1,ground floor flat,325000
2,apartment,325000
1,ground floor flat,325000
4,end of terrace house,325000
3,link detached house,325000
2,flat,325000
1,flat,325000
2,terraced house,325000
1,apartment,325000
2,flat,325000
1,penthouse,325000
1,flat,325000
1,flat,325000
2,flat,325000
1,apartment,325000
2,flat,325000
2,flat,325000
3,terraced house,325000
2,terraced house,325000
1,semi-detached house,325000
1,flat,325000
1,flat,325000
2,ground floor flat,325000
2,maisonette,325000
1,flat,325000
1,flat,325000
3,duplex,325000
2,flat,325000
1,apartment,325000
2,flat,325000
3,terraced house,325000
2,terraced house,325000
1,semi-detached house,325000
1,flat,325000
1,flat,325000
2,ground floor flat,325000
2,maisonette,325000
1,ground floor flat,325000
2,flat,325000
3,maisonette,325000
2,apartment,325000
2,apartment,325000
2,ground floor maisonette,325000
2,flat,325000
1,apartment,325000
1,apartment,325000
2,terraced house,325000
2,apartment,325000
2,flat,325000
4,terraced house,325000
2,apartment,325000
1,apartment,325000
1,ground floor flat,325000
2,flat,325000
2,apartment,325000
2,ground floor maisonette,325000
2,flat,325000
3,semi-detached house,320000
3,end of terrace house,320000
1,apartment,320000
2,flat,320000
3,semi-detached house,320000
2,apartment,320000
2,flat,320000
3,flat,320000
1,flat,320000
2,terraced house,320000
3,ground floor maisonette,320000
1,apartment,320000
3,terraced house,320000
2,flat,320000
1,flat,319999
1,retirement property,319950
1,apartment,319500
1,apartment,317500
2,apartment,317500
2,maisonette,317000
3,flat,320000
1,flat,320000
2,terraced house,320000
3,ground floor maisonette,320000
1,apartment,320000
3,terraced house,320000
2,flat,320000
1,flat,319999
1,retirement property,319950
1,apartment,319500
1,apartment,317500
2,apartment,317500
2,maisonette,317000
1,apartment,315500
2,flat,315000
2,ground floor maisonette,315000
2,apartment,315000
3,town house,315000
2,flat,315000
1,apartment,315000
1,apartment,315000
1,flat,315000
2,apartment,315000
2,apartment,315000
1,apartment,315000
1,apartment,315000
1,flat,315000
1,apartment,315000
2,terraced house,315000
2,apartment,315000
1,flat,315000
2,flat,315000
1,flat,315000
2,semi-detached house,315000
2,apartment,315000
1,apartment,315000
2,terraced house,315000
2,terraced house,315000
2,apartment,315000
2,flat,315000
3,terraced house,315000
2,apartment,315000
2,flat,315000
1,flat,315000
1,flat,315000
2,flat,315000
2,semi-detached house,315000
2,apartment,315000
2,terraced house,315000
1,apartment,315000
3,semi-detached house,310000
2,terraced house,310000
2,maisonette,310000
3,semi-detached house,310000
2,duplex,310000
2,ground floor flat,310000
3,flat,310000
1,flat,310000
2,flat,310000
3,flat,310000
2,coach house,305000
1,apartment,305000
2,end of terrace house,305000
2,apartment,305000
1,apartment,305000
1,apartment,305000
2,flat,305000
2,flat,300000
1,ground floor flat,300000
2,terraced house,300000
1,maisonette,300000
1,apartment,300000
2,flat,300000
4,terraced house,300000
2,apartment,300000
2,flat,300000
1,studio flat,300000
1,flat,300000
1,apartment,300000
2,terraced house,300000
2,flat,300000
1,ground floor flat,300000
2,terraced house,300000
1,maisonette,300000
1,apartment,300000
2,flat,300000
4,terraced house,300000
2,apartment,300000
2,flat,300000
1,studio flat,300000
1,apartment,300000
2,maisonette,300000
1,terraced house,300000
2,flat,300000
1,apartment,300000
1,flat,300000
1,flat,300000
2,apartment,300000
1,flat,300000
2,terraced house,300000
2,semi-detached house,300000
2,terraced house,300000
3,flat,300000
1,apartment,300000
2,maisonette,300000
1,terraced house,300000
2,flat,300000
1,apartment,300000
1,flat,300000
1,flat,300000
2,flat,300000
2,apartment,300000
2,apartment,300000
1,flat,300000
1,flat,300000
2,terraced house,300000
2,terraced house,300000
2,flat,300000
2,maisonette,300000
2,flat,300000
2,duplex,300000
2,flat,300000
2,apartment,300000
2,end of terrace house,300000
3,flat,300000
2,flat,300000
1,flat,300000
2,maisonette,300000
2,flat,300000
3,semi-detached house,300000
2,flat,300000
2,maisonette,300000
2,flat,300000
2,duplex,300000
2,flat,300000
2,apartment,300000
2,end of terrace house,300000
3,flat,300000
2,flat,300000
1,flat,300000
2,maisonette,300000
2,flat,300000
3,semi-detached house,300000
2,flat,300000
1,flat,300000
2,apartment,300000
2,flat,300000
2,maisonette,300000
2,flat,300000
2,ground floor maisonette,300000
2,ground floor flat,300000
1,flat,300000
2,apartment,300000
1,flat,300000
2,flat,300000
1,apartment,300000
2,flat,300000
2,ground floor maisonette,300000
2,flat,300000
2,flat,300000
2,maisonette,300000
3,maisonette,300000
3,detached house,300000
2,maisonette,300000
1,apartment,300000
2,ground floor flat,300000
1,flat,300000
1,apartment,300000
3,apartment,300000
2,maisonette,300000
3,end of terrace house,300000
2,flat,300000
3,semi-detached house,300000
2,apartment,299999
2,terraced house,299900
2,flat,299500
2,apartment,299000
2,ground floor maisonette,299000
1,apartment,296000
2,ground floor maisonette,295000
3,terraced house,295000
1,apartment,295000
3,maisonette,295000
3,terraced house,295000
1,flat,295000
1,maisonette,295000
2,apartment,295000
2,terraced house,295000
1,apartment,290000
2,apartment,290000
1,apartment,296000
2,ground floor maisonette,295000
3,terraced house,295000
1,apartment,295000
3,maisonette,295000
3,terraced house,295000
2,semi-detached house,295000
1,flat,295000
1,maisonette,295000
2,apartment,295000
2,flat,290000
3,semi-detached house,290000
1,flat,290000
2,maisonette,290000
3,end of terrace house,290000
1,flat,290000
1,terraced house,290000
1,apartment,290000
1,ground floor flat,290000
3,maisonette,290000
2,terraced house,290000
1,flat,290000
2,flat,290000
2,flat,290000
3,semi-detached house,290000
1,flat,290000
2,maisonette,290000
3,end of terrace house,290000
1,flat,290000
1,terraced house,290000
1,apartment,290000
1,ground floor flat,290000
3,maisonette,290000
2,apartment,290000
1,flat,290000
2,ground floor flat,290000
2,apartment,290000
1,flat,290000
2,maisonette,290000
2,flat,290000
2,maisonette,290000
2,apartment,290000
2,flat,290000
2,apartment,290000
1,end of terrace house,290000
2,apartment,290000
3,maisonette,290000
2,flat,290000
2,flat,290000
2,apartment,290000
1,flat,290000
2,flat,290000
3,terraced house,290000
1,apartment,290000
2,maisonette,290000
2,apartment,290000
2,flat,290000
2,apartment,290000
1,end of terrace house,290000
2,apartment,290000
3,maisonette,290000
2,flat,290000
2,flat,290000
2,apartment,290000
1,ground floor flat,290000
1,flat,290000
1,flat,290000
3,terraced house,290000
2,flat,287900
2,apartment,285000
2,end of terrace house,285000
1,ground floor flat,285000
2,flat,285000
2,apartment,285000
1,apartment,285000
2,flat,285000
2,apartment,282500
1,apartment,280000
2,apartment,280000
2,flat,280000
1,flat,285000
2,ground floor maisonette,285000
1,flat,285000
2,flat,285000
2,end of terrace house,285000
1,ground floor flat,285000
2,flat,285000
2,apartment,285000
1,apartment,285000
2,flat,285000
2,apartment,280000
3,semi-detached house,280000
3,flat,280000
1,ground floor flat,280000
3,terraced house,280000
2,terraced house,280000
2,flat,280000
3,flat,280000
1,flat,280000
2,ground floor maisonette,280000
2,terraced house,280000
2,flat,280000
1,flat,280000
3,flat,280000
2,apartment,280000
3,semi-detached house,280000
3,flat,280000
1,ground floor flat,280000
3,terraced house,280000
2,terraced house,280000
2,flat,280000
3,flat,280000
1,flat,280000
2,ground floor maisonette,280000
2,flat,280000
2,flat,280000
2,apartment,280000
2,ground floor maisonette,280000
2,flat,280000
2,apartment,280000
2,terraced house,280000
1,flat,280000
1,flat,280000
2,flat,280000
2,apartment,280000
1,end of terrace house,280000
1,flat,280000
2,semi-detached bungalow,280000
3,maisonette,280000
2,flat,280000
1,maisonette,275000
2,flat,275000
2,apartment,275000
2,maisonette,275000
2,flat,275000
1,flat,275000
1,ground floor flat,275000
1,flat,275000
2,flat,275000
2,apartment,275000
1,terraced house,275000
2,flat,275000
2,flat,275000
2,terraced house,275000
1,maisonette,275000
2,flat,275000
2,apartment,275000
2,maisonette,275000
2,flat,275000
1,flat,275000
1,ground floor flat,275000
1,flat,275000
2,flat,275000
2,apartment,275000
2,duplex,275000
3,end of terrace house,275000
2,flat,275000
1,flat,275000
1,flat,275000
2,terraced house,275000
2,apartment,275000
1,apartment,275000
1,ground floor maisonette,270000
2,terraced house,270000
2,terraced house,270000
2,flat,270000
2,ground floor maisonette,270000
3,terraced house,270000
2,apartment,270000
2,maisonette,270000
2,apartment,270000
1,apartment,270000
2,apartment,270000
3,terraced house,270000
1,flat,270000
1,flat,270000
1,flat,270000
2,terraced house,270000
2,ground floor flat,270000
2,flat,269995
1,flat,270000
2,terraced house,270000
1,flat,270000
2,end of terrace house,270000
2,apartment,270000
1,apartment,270000
2,apartment,270000
1,flat,270000
3,terraced house,270000
1,flat,270000
1,flat,270000
2,terraced house,270000
2,ground floor flat,270000
2,flat,269995
2,apartment,269950
1,apartment,269000
1,flat,269000
2,apartment,268000
3,duplex,267500
1,end of terrace house,265000
2,flat,265000
2,apartment,265000
2,duplex,265000
1,flat,264600
2,flat,260000
1,apartment,260000
1,flat,260000
1,apartment,260000
3,maisonette,260000
2,flat,260000
2,flat,265000
2,terraced house,265000
2,flat,265000
1,ground floor maisonette,265000
2,flat,265000
2,apartment,265000
2,duplex,265000
1,flat,264600
2,flat,260000
1,apartment,260000
1,flat,260000
1,apartment,260000
3,maisonette,260000
2,flat,260000
2,flat,260000
1,apartment,260000
2,flat,260000
2,coach house,260000
1,ground floor flat,260000
2,ground floor flat,260000
1,apartment,260000
1,maisonette,260000
2,apartment,260000
1,flat,260000
2,flat,260000
1,apartment,260000
1,flat,260000
1,flat,260000
2,flat,260000
2,apartment,260000
3,apartment,260000
1,apartment,259950
1,flat,259750
2,flat,259000
2,maisonette,255000
2,flat,255000
1,ground floor maisonette,255000
2,end of terrace house,255000
1,apartment,255000
2,flat,255000
2,maisonette,252000
2,apartment,250000
2,flat,250000
2,apartment,250000
2,flat,250000
1,apartment,250000
2,flat,250000
1,apartment,250000
1,flat,250000
1,flat,250000
1,apartment,250000
1,flat,250000
3,terraced house,250000
1,apartment,250000
1,studio flat,250000
1,terraced house,250000
1,flat,250000
3,maisonette,250000
3,flat,250000
1,flat,250000
2,flat,250000
1,apartment,250000
1,flat,250000
1,flat,250000
1,apartment,250000
1,flat,250000
3,terraced house,250000
1,apartment,250000
1,studio flat,250000
1,terraced house,250000
1,flat,250000
3,maisonette,250000
3,flat,250000
1,flat,250000
3,maisonette,250000
1,ground floor flat,250000
2,flat,250000
2,maisonette,250000
1,flat,250000
2,apartment,250000
1,terraced house,250000
2,apartment,250000
1,ground floor maisonette,250000
2,flat,250000
2,maisonette,250000
2,flat,250000
2,apartment,250000
2,flat,250000
2,ground floor maisonette,250000
2,detached house,250000
1,apartment,250000
1,apartment,250000
2,flat,250000
2,flat,249950
1,flat,249950
2,maisonette,248000
1,apartment,245000
1,flat,245000
2,maisonette,245000
2,ground floor flat,245000
2,apartment,250000
1,ground floor flat,250000
1,flat,250000
1,end of terrace house,250000
1,apartment,250000
1,apartment,250000
2,flat,250000
2,flat,249950
1,flat,249950
2,maisonette,248000
2,flat,240000
1,flat,240000
1,apartment,240000
1,flat,240000
2,flat,240000
1,flat,240000
2,apartment,240000
2,flat,240000
1,maisonette,240000
2,flat,240000
1,apartment,240000
2,apartment,240000
1,apartment,240000
2,flat,240000
1,flat,240000
1,retirement property,240000
1,retirement property,240000
1,apartment,240000
1,terraced house,240000
1,apartment,240000
2,ground floor flat,240000
2,apartment,240000
2,apartment,240000
2,apartment,240000
1,apartment,240000
1,ground floor maisonette,240000
1,flat,240000
3,ground floor flat,240000
1,flat,240000
2,flat,240000
2,flat,240000
2,flat,240000
1,flat,240000
2,terraced house,240000
2,apartment,240000
1,flat,240000
1,flat,240000
2,apartment,240000
2,ground floor flat,238000
2,apartment,235000
1,apartment,240000
1,flat,240000
3,ground floor flat,240000
1,flat,240000
2,flat,240000
2,flat,240000
2,flat,240000
1,flat,240000
2,terraced house,240000
2,apartment,240000
1,flat,234990
2,apartment,232500
2,flat,230000
1,flat,230000
1,flat,230000
1,maisonette,230000
2,apartment,230000
1,flat,230000
1,ground floor flat,230000
1,flat,230000
1,flat,235000
2,ground floor flat,235000
2,ground floor flat,235000
1,flat,235000
1,flat,235000
1,flat,234990
2,apartment,232500
2,flat,230000
1,flat,230000
1,flat,230000
1,maisonette,230000
2,apartment,230000
1,flat,230000
1,ground floor flat,230000
1,flat,230000
2,apartment,230000
1,apartment,230000
3,detached house,230000
2,retirement property,230000
2,flat,230000
1,apartment,230000
1,apartment,230000
2,flat,230000
3,terraced house,230000
2,apartment,230000
1,flat,230000
1,apartment,230000
1,flat,230000
1,apartment,230000
1,apartment,230000
1,apartment,225000
1,apartment,225000
1,flat,225000
1,apartment,225000
2,apartment,225000
2,ground floor flat,225000
1,flat,225000
1,flat,225000
2,terraced house,225000
1,flat,225000
1,flat,230000
2,end of terrace house,230000
1,apartment,229950
1,flat,227500
2,apartment,227000
1,apartment,225000
1,apartment,225000
1,flat,225000
1,apartment,225000
2,apartment,225000
2,ground floor flat,225000
1,flat,225000
1,flat,225000
2,terraced house,225000
1,flat,225000
1,apartment,225000
2,flat,225000
1,flat,225000
1,maisonette,225000
3,terraced house,225000
1,apartment,225000
2,flat,225000
2,apartment,222750
2,apartment,220000
1,studio flat,220000
1,flat,220000
2,ground floor maisonette,220000
1,apartment,220000
2,maisonette,220000
2,flat,220000
2,maisonette,215000
1,maisonette,215000
1,flat,215000
1,flat,215000
2,apartment,215000
1,flat,215000
1,flat,215000
1,ground floor flat,215000
2,park home,215000
1,apartment,215000
1,flat,215000
2,apartment,215000
1,flat,210000
2,apartment,210000
3,detached house,210000
1,flat,210000
1,maisonette,210000
2,flat,210000
2,flat,210000
2,flat,210000
1,apartment,210000
1,ground floor flat,210000
2,apartment,210000
2,ground floor flat,210000
2,ground floor flat,210000
2,flat,209950
1,apartment,205000
2,flat,205000
3,terraced house,205000
1,apartment,205000
1,flat,210000
1,maisonette,210000
2,flat,210000
2,flat,210000
2,flat,210000
1,apartment,210000
1,ground floor flat,210000
2,apartment,210000
2,ground floor flat,210000
2,ground floor flat,210000
2,maisonette,200000
1,studio flat,200000
2,flat,200000
1,flat,200000
1,apartment,200000
2,apartment,200000
1,flat,200000
2,retirement property,200000
1,apartment,200000
1,flat,200000
1,flat,200000
1,ground floor flat,200000
1,flat,200000
1,flat,200000
1,ground floor flat,200000
2,maisonette,200000
1,studio flat,200000
2,flat,200000
1,flat,200000
1,apartment,200000
1,apartment,190000
1,maisonette,190000
1,apartment,190000
1,flat,190000
2,semi-detached house,190000
1,apartment,190000
1,flat,190000
1,flat,190000
1,apartment,185000
1,ground floor flat,185000
1,flat,195000
1,maisonette,195000
2,end of terrace house,195000
1,flat,194000
2,flat,192500
1,apartment,190000
1,maisonette,190000
1,apartment,190000
1,flat,190000
2,semi-detached house,190000
1,apartment,190000
1,flat,190000
1,flat,190000
1,apartment,185000
1,ground floor flat,185000
1,flat,185000
1,flat,185000
2,maisonette,183750
2,flat,180000
1,flat,180000
1,flat,180000
1,apartment,180000
2,maisonette,180000
1,flat,180000
1,ground floor flat,180000
2,flat,180000
1,apartment,180000
2,apartment,180000
1,maisonette,179950
3,park home,175000
1,ground floor flat,175000
2,apartment,175000
1,flat,170000
1,flat,170000
1,flat,170000
1,apartment,170000
1,studio flat,170000
2,mobile home,170000
1,flat,170000
3,terraced house,170000
1,flat,170000
2,flat,170000
1,retirement property,170000
1,apartment,165000
1,flat,165000
1,flat,165000
1,flat,165000
1,apartment,165000
2,retirement property,163000
2,flat,160000
1,retirement property,145000
1,apartment,145000
1,flat,145000
1,ground floor maisonette,145000
2,apartment,144000
1,flat,137000
1,apartment,135000
2,apartment,135000
2,ground floor flat,134000
1,retirement property,130000
1,apartment,130000
1,apartment,130000
1,retirement property,130000
3,terraced house,130000
1,flat,125000
2,maisonette,125000
1,apartment,124000
1,flat,122000
1,retirement property,120000
2,flat,120000
1,retirement property,120000
2,park home,120000
1,retirement property,120000
1,retirement property,115000
2,terraced house,114000
2,retirement property,110000
1,apartment,108000
1,apartment,106000
1,apartment,105000
2,mobile home,100000
2,maisonette,125000
1,apartment,124000
1,flat,122000
1,retirement property,120000
2,flat,120000
1,retirement property,120000
2,park home,120000
1,retirement property,120000
1,retirement property,115000
2,terraced house,114000
